Timestamp(s),V_Pack(V),Current(A),Power(W),Energy_Rem(kWh),Total_Energy(kWh),SOC_EKF(%),SOC_CC(%),V_Cell_1(V),T_Cell_1,T_Cell_Q1,T_Cell_Mid,T_Cell_Last,Fault_Status
0.5000,3.3649,0.0000,0.0000,0.2016,0.2268,89.7910,88.9261,3.3649,25.0000,25.0000,25.0000,25.0000,NOMINAL
1.0000,3.3649,0.0000,0.0000,0.2016,0.2268,89.6915,88.9261,3.3649,25.0000,25.0000,25.0000,25.0000,NOMINAL
1.5000,3.3649,0.0000,0.0000,0.2016,0.2268,89.6125,88.9261,3.3649,25.0000,25.0000,25.0000,25.0000,NOMINAL
2.0000,3.3535,20.0000,71.0345,0.2016,0.2268,89.5482,88.9222,3.3535,25.0035,25.0035,25.0035,25.0035,NOMINAL
2.5000,3.3432,36.0000,121.7479,0.2016,0.2268,89.4887,88.9153,3.3432,25.0148,25.0148,25.0148,25.0148,NOMINAL
3.0000,3.3410,36.0000,120.2752,0.2016,0.2268,89.4363,88.9083,3.3410,25.0261,25.0261,25.0261,25.0261,NOMINAL
3.5000,3.3389,36.0000,120.2001,0.2016,0.2268,89.3905,88.9014,3.3389,25.0374,25.0374,25.0374,25.0374,NOMINAL
4.0000,3.3369,36.0000,120.1291,0.2016,0.2268,89.3500,88.8944,3.3369,25.0487,25.0487,25.0487,25.0487,NOMINAL
4.5000,3.3351,36.0000,120.0622,0.2016,0.2268,89.3137,88.8875,3.3351,25.0599,25.0599,25.0599,25.0599,NOMINAL
5.0000,3.3333,36.0000,119.9990,0.2015,0.2268,89.2808,88.8805,3.3333,25.0711,25.0711,25.0711,25.0711,NOMINAL
5.5000,3.3316,36.0000,119.9394,0.2015,0.2268,89.2509,88.8736,3.3316,25.0822,25.0822,25.0822,25.0822,NOMINAL
6.0000,3.3301,36.0000,119.8830,0.2015,0.2268,89.2234,88.8667,3.3301,25.0933,25.0933,25.0933,25.0933,NOMINAL
6.5000,3.3286,36.0000,119.8298,0.2015,0.2268,89.1980,88.8597,3.3286,25.1044,25.1044,25.1044,25.1044,NOMINAL
7.0000,3.3272,36.0000,119.7795,0.2015,0.2268,89.1743,88.8528,3.3272,25.1155,25.1155,25.1155,25.1155,NOMINAL
7.5000,3.3259,36.0000,119.7320,0.2015,0.2268,89.1522,88.8458,3.3259,25.1266,25.1266,25.1266,25.1266,NOMINAL
8.0000,3.3246,36.0000,119.6871,0.2014,0.2268,89.1314,88.8389,3.3246,25.1376,25.1376,25.1376,25.1376,NOMINAL
8.5000,3.3235,36.0000,119.6446,0.2014,0.2268,89.1117,88.8319,3.3235,25.1486,25.1486,25.1486,25.1486,NOMINAL
9.0000,3.3212,38.0000,125.5941,0.2014,0.2268,89.0924,88.8246,3.3212,25.1608,25.1608,25.1608,25.1608,NOMINAL
9.5000,3.3376,7.0000,19.8388,0.2014,0.2268,89.0789,88.8232,3.3376,25.1608,25.1608,25.1608,25.1608,NOMINAL
10.0000,3.3481,-10.0000,-33.9523,0.2014,0.2268,89.0707,88.8252,3.3481,25.1613,25.1613,25.1613,25.1613,NOMINAL
10.5000,3.3500,-10.0000,-33.4997,0.2014,0.2268,89.0634,88.8271,3.3500,25.1618,25.1618,25.1618,25.1618,NOMINAL
11.0000,3.3517,-10.0000,-33.5173,0.2014,0.2268,89.0567,88.8290,3.3517,25.1623,25.1623,25.1623,25.1623,NOMINAL
11.5000,3.3591,-20.0000,-72.0294,0.2014,0.2268,89.0509,88.8329,3.3591,25.1654,25.1654,25.1654,25.1654,NOMINAL
12.0000,3.3675,-31.0000,-105.1137,0.2014,0.2268,89.0492,88.8389,3.3675,25.1733,25.1733,25.1733,25.1733,NOMINAL
12.5000,3.3703,-31.0000,-104.4786,0.2015,0.2268,89.0481,88.8449,3.3703,25.1813,25.1813,25.1813,25.1813,NOMINAL
13.0000,3.3474,14.0000,47.9825,0.2015,0.2268,89.0392,88.8422,3.3474,25.1826,25.1826,25.1826,25.1826,NOMINAL
13.5000,3.3243,54.0000,180.7154,0.2014,0.2268,89.0229,88.8317,3.3243,25.2076,25.2076,25.2076,25.2076,NOMINAL
14.0000,3.3157,64.0000,218.1038,0.2014,0.2268,89.0063,88.8194,3.3157,25.2429,25.2429,25.2429,25.2429,NOMINAL
14.5000,3.3027,81.0000,266.1819,0.2014,0.2268,88.9847,88.8038,3.3027,25.2996,25.2996,25.2996,25.2996,NOMINAL
15.0000,3.2968,84.0000,277.2352,0.2013,0.2268,88.9632,88.7876,3.2968,25.3605,25.3605,25.3605,25.3605,NOMINAL
15.5000,3.3322,14.0000,52.2238,0.2013,0.2268,88.9570,88.7849,3.3322,25.3613,25.3613,25.3613,25.3613,NOMINAL
16.0000,3.3095,55.0000,187.0376,0.2013,0.2268,88.9428,88.7743,3.3095,25.3868,25.3868,25.3868,25.3868,NOMINAL
16.5000,3.2829,98.0000,320.4707,0.2013,0.2268,88.9189,88.7553,3.2829,25.4697,25.4697,25.4697,25.4697,NOMINAL
17.0000,3.2782,98.0000,321.2615,0.2012,0.2268,88.8956,88.7364,3.2782,25.5524,25.5524,25.5524,25.5524,NOMINAL
17.5000,3.3133,28.0000,87.3283,0.2012,0.2268,88.8847,88.7310,3.3133,25.5579,25.5579,25.5579,25.5579,NOMINAL
18.0000,3.3412,-21.0000,-67.8583,0.2012,0.2268,88.8853,88.7351,3.3412,25.5603,25.5603,25.5603,25.5603,NOMINAL
18.5000,3.2930,70.0000,229.9975,0.2012,0.2268,88.8678,88.7216,3.2930,25.6017,25.6017,25.6017,25.6017,NOMINAL
19.0000,3.2575,128.0000,415.1408,0.2011,0.2268,88.8390,88.6969,3.2575,25.7431,25.7431,25.7431,25.7431,NOMINAL
19.5000,3.3101,24.0000,80.0415,0.2011,0.2268,88.8310,88.6923,3.3101,25.7463,25.7463,25.7463,25.7463,NOMINAL
20.0000,3.3295,-9.0000,-35.7292,0.2011,0.2268,88.8282,88.6940,3.3295,25.7451,25.7451,25.7451,25.7451,NOMINAL
20.5000,3.2774,88.0000,285.0267,0.2011,0.2268,88.8073,88.6770,3.2774,25.8108,25.8108,25.8108,25.8108,NOMINAL
21.0000,3.3242,-1.0000,-1.2716,0.2011,0.2268,88.8049,88.6772,3.3242,25.8087,25.8087,25.8087,25.8087,NOMINAL
21.5000,3.3553,-52.0000,-172.9962,0.2011,0.2268,88.8123,88.6873,3.3553,25.8303,25.8303,25.8303,25.8303,NOMINAL
22.0000,3.2957,63.0000,213.7889,0.2011,0.2268,88.7985,88.6751,3.2957,25.8628,25.8628,25.8628,25.8628,NOMINAL
22.5000,3.2935,63.0000,207.4932,0.2011,0.2268,88.7836,88.6629,3.2935,25.8952,25.8952,25.8952,25.8952,NOMINAL
23.0000,3.2915,63.0000,207.3621,0.2010,0.2268,88.7688,88.6508,3.2915,25.9275,25.9275,25.9275,25.9275,NOMINAL
23.5000,3.2895,63.0000,207.2381,0.2010,0.2268,88.7541,88.6386,3.2895,25.9598,25.9598,25.9598,25.9598,NOMINAL
24.0000,3.2876,63.0000,207.1209,0.2010,0.2268,88.7394,88.6265,3.2876,25.9920,25.9920,25.9920,25.9920,NOMINAL
24.5000,3.2859,63.0000,207.0101,0.2009,0.2268,88.7249,88.6143,3.2859,26.0240,26.0240,26.0240,26.0240,NOMINAL
25.0000,3.2842,63.0000,206.9053,0.2009,0.2268,88.7104,88.6022,3.2842,26.0560,26.0560,26.0560,26.0560,NOMINAL
25.5000,3.2826,63.0000,206.8061,0.2009,0.2268,88.6960,88.5900,3.2826,26.0879,26.0879,26.0879,26.0879,NOMINAL
26.0000,3.2811,63.0000,206.7122,0.2009,0.2268,88.6817,88.5779,3.2811,26.1197,26.1197,26.1197,26.1197,NOMINAL
26.5000,3.2797,63.0000,206.6233,0.2008,0.2268,88.6674,88.5657,3.2797,26.1515,26.1515,26.1515,26.1515,NOMINAL
27.0000,3.2784,63.0000,206.5391,0.2008,0.2268,88.6533,88.5536,3.2784,26.1831,26.1831,26.1831,26.1831,NOMINAL
27.5000,3.2771,63.0000,206.4593,0.2008,0.2268,88.6391,88.5414,3.2771,26.2147,26.2147,26.2147,26.2147,NOMINAL
28.0000,3.2759,63.0000,206.3836,0.2007,0.2268,88.6251,88.5293,3.2759,26.2462,26.2462,26.2462,26.2462,NOMINAL
28.5000,3.2748,63.0000,206.3119,0.2007,0.2268,88.6111,88.5171,3.2748,26.2776,26.2776,26.2776,26.2776,NOMINAL
29.0000,3.2737,63.0000,206.2439,0.2007,0.2268,88.5971,88.5050,3.2737,26.3089,26.3089,26.3089,26.3089,NOMINAL
29.5000,3.2727,63.0000,206.1793,0.2007,0.2268,88.5832,88.4928,3.2727,26.3401,26.3401,26.3401,26.3401,NOMINAL
30.0000,3.2717,63.0000,206.1179,0.2006,0.2268,88.5693,88.4807,3.2717,26.3713,26.3713,26.3713,26.3713,NOMINAL
30.5000,3.2601,82.0000,273.3008,0.2006,0.2268,88.5528,88.4648,3.2601,26.4263,26.4263,26.4263,26.4263,NOMINAL
31.0000,3.2529,91.0000,292.9403,0.2006,0.2268,88.5331,88.4473,3.2529,26.4946,26.4946,26.4946,26.4946,NOMINAL
31.5000,3.2487,94.0000,302.1600,0.2005,0.2268,88.5129,88.4292,3.2487,26.5676,26.5676,26.5676,26.5676,NOMINAL
32.0000,3.2827,29.0000,92.0946,0.2005,0.2268,88.5053,88.4236,3.2827,26.5710,26.5710,26.5710,26.5710,NOMINAL
32.5000,3.2979,5.0000,18.1697,0.2005,0.2268,88.5031,88.4226,3.2979,26.5673,26.5673,26.5673,26.5673,NOMINAL
33.0000,3.3173,-24.0000,-73.1397,0.2005,0.2268,88.5072,88.4272,3.3173,26.5684,26.5684,26.5684,26.5684,NOMINAL
33.5000,3.2753,59.0000,193.6767,0.2005,0.2268,88.4945,88.4158,3.2753,26.5947,26.5947,26.5947,26.5947,NOMINAL
34.0000,3.2419,117.0000,380.6407,0.2004,0.2268,88.4707,88.3933,3.2419,26.7095,26.7095,26.7095,26.7095,NOMINAL
34.5000,3.2892,25.0000,83.3251,0.2004,0.2268,88.4647,88.3884,3.2892,26.7107,26.7107,26.7107,26.7107,NOMINAL
35.0000,3.3089,-7.0000,-24.0789,0.2004,0.2268,88.4646,88.3898,3.3089,26.7068,26.7068,26.7068,26.7068,NOMINAL
35.5000,3.2387,124.0000,396.6637,0.2004,0.2268,88.4387,88.3659,3.2387,26.8360,26.8360,26.8360,26.8360,NOMINAL
36.0000,3.3024,2.0000,11.2700,0.2004,0.2268,88.4376,88.3655,3.3024,26.8314,26.8314,26.8314,26.8314,NOMINAL
36.5000,3.2796,48.0000,162.1423,0.2004,0.2268,88.4278,88.3562,3.2796,26.8468,26.8468,26.8468,26.8468,NOMINAL
37.0000,3.3122,-10.0000,-29.4170,0.2004,0.2268,88.4290,88.3582,3.3122,26.8430,26.8430,26.8430,26.8430,NOMINAL
37.5000,3.2708,70.0000,229.5099,0.2003,0.2268,88.4144,88.3447,3.2708,26.8809,26.8809,26.8809,26.8809,NOMINAL
38.0000,3.2990,17.0000,52.6331,0.2003,0.2268,88.4095,88.3414,3.2990,26.8787,26.8787,26.8787,26.8787,NOMINAL
38.5000,3.3216,-20.0000,-70.8384,0.2003,0.2268,88.4116,88.3452,3.3216,26.8775,26.8775,26.8775,26.8775,NOMINAL
39.0000,3.3183,-7.0000,-22.6439,0.2003,0.2268,88.4120,88.3466,3.3183,26.8732,26.8732,26.8732,26.8732,NOMINAL
39.5000,3.2577,106.0000,341.5635,0.2003,0.2268,88.3900,88.3261,3.2577,26.9659,26.9659,26.9659,26.9659,NOMINAL
40.0000,3.2995,24.0000,76.7592,0.2003,0.2268,88.3840,88.3215,3.2995,26.9660,26.9660,26.9660,26.9660,NOMINAL
40.5000,3.3310,-30.0000,-99.6308,0.2003,0.2268,88.3888,88.3273,3.3310,26.9689,26.9689,26.9689,26.9689,NOMINAL
41.0000,3.2606,103.0000,332.9063,0.2002,0.2268,88.3675,88.3074,3.2606,27.0559,27.0559,27.0559,27.0559,NOMINAL
41.5000,3.2946,35.0000,116.5030,0.2002,0.2268,88.3600,88.3007,3.2946,27.0614,27.0614,27.0614,27.0614,NOMINAL
42.0000,3.3134,2.0000,12.9870,0.2002,0.2268,88.3594,88.3003,3.3134,27.0562,27.0562,27.0562,27.0562,NOMINAL
42.5000,3.2849,57.0000,183.9733,0.2002,0.2268,88.3471,88.2893,3.2849,27.0792,27.0792,27.0792,27.0792,NOMINAL
43.0000,3.2948,37.0000,121.3405,0.2002,0.2268,88.3389,88.2822,3.2948,27.0859,27.0859,27.0859,27.0859,NOMINAL
43.5000,3.2117,185.0000,591.2644,0.2001,0.2268,88.3019,88.2465,3.2117,27.3770,27.3770,27.3770,27.3770,NOMINAL
44.0000,3.2025,185.0000,592.4680,0.2000,0.2268,88.2651,88.2108,3.2025,27.6670,27.6670,27.6670,27.6670,NOMINAL
44.5000,3.1939,185.0000,590.8663,0.1999,0.2268,88.2285,88.1751,3.1939,27.9558,27.9558,27.9558,27.9558,NOMINAL
45.0000,3.1857,185.0000,589.3575,0.1999,0.2268,88.1918,88.1394,3.1857,28.2434,28.2434,28.2434,28.2434,NOMINAL
45.5000,3.1780,185.0000,587.9363,0.1998,0.2268,88.1551,88.1037,3.1780,28.5300,28.5300,28.5300,28.5300,NOMINAL
46.0000,3.1708,185.0000,586.5975,0.1997,0.2268,88.1185,88.0680,3.1708,28.8153,28.8153,28.8153,28.8153,NOMINAL
46.5000,3.1640,185.0000,585.3366,0.1996,0.2268,88.0819,88.0324,3.1640,29.0995,29.0995,29.0995,29.0995,NOMINAL
47.0000,3.1576,185.0000,584.1490,0.1995,0.2268,88.0453,87.9967,3.1576,29.3826,29.3826,29.3826,29.3826,NOMINAL
47.5000,3.1515,185.0000,583.0304,0.1995,0.2268,88.0087,87.9610,3.1515,29.6646,29.6646,29.6646,29.6646,NOMINAL
48.0000,3.1458,185.0000,581.9769,0.1994,0.2268,87.9722,87.9253,3.1458,29.9454,29.9454,29.9454,29.9454,NOMINAL
48.5000,3.1405,185.0000,580.9847,0.1993,0.2268,87.9356,87.8896,3.1405,30.2251,30.2251,30.2251,30.2251,NOMINAL
49.0000,3.1354,185.0000,580.0503,0.1992,0.2268,87.8991,87.8539,3.1354,30.5037,30.5037,30.5037,30.5037,NOMINAL
49.5000,3.1307,185.0000,579.1703,0.1991,0.2268,87.8626,87.8182,3.1307,30.7811,30.7811,30.7811,30.7811,NOMINAL
50.0000,3.1262,185.0000,578.3416,0.1991,0.2268,87.8261,87.7825,3.1262,31.0575,31.0575,31.0575,31.0575,NOMINAL
50.5000,3.1220,185.0000,577.5611,0.1990,0.2268,87.7896,87.7469,3.1220,31.3327,31.3327,31.3327,31.3327,NOMINAL
51.0000,3.1180,185.0000,576.8261,0.1989,0.2268,87.7531,87.7112,3.1180,31.6069,31.6069,31.6069,31.6069,NOMINAL
51.5000,3.1142,185.0000,576.1338,0.1988,0.2268,87.7167,87.6755,3.1142,31.8800,31.8800,31.8800,31.8800,NOMINAL
52.0000,3.1107,185.0000,575.4818,0.1987,0.2268,87.6802,87.6398,3.1107,32.1519,32.1519,32.1519,32.1519,NOMINAL
52.5000,3.1074,185.0000,574.8677,0.1986,0.2268,87.6438,87.6041,3.1074,32.4228,32.4228,32.4228,32.4228,NOMINAL
53.0000,3.1043,185.0000,574.2894,0.1986,0.2268,87.6074,87.5684,3.1043,32.6926,32.6926,32.6926,32.6926,NOMINAL
53.5000,3.1013,185.0000,573.7446,0.1985,0.2268,87.5710,87.5327,3.1013,32.9613,32.9613,32.9613,32.9613,NOMINAL
54.0000,3.0985,185.0000,573.2314,0.1984,0.2268,87.5346,87.4971,3.0985,33.2290,33.2290,33.2290,33.2290,NOMINAL
54.5000,3.0959,185.0000,572.7479,0.1983,0.2268,87.4983,87.4614,3.0959,33.4955,33.4955,33.4955,33.4955,NOMINAL
55.0000,3.0935,185.0000,572.2924,0.1982,0.2268,87.4619,87.4257,3.0935,33.7611,33.7611,33.7611,33.7611,NOMINAL
55.5000,3.0912,185.0000,571.8632,0.1982,0.2268,87.4256,87.3900,3.0912,34.0255,34.0255,34.0255,34.0255,NOMINAL
56.0000,3.0890,185.0000,571.4588,0.1981,0.2268,87.3892,87.3543,3.0890,34.2889,34.2889,34.2889,34.2889,NOMINAL
56.5000,3.0869,185.0000,571.0777,0.1980,0.2268,87.3529,87.3186,3.0869,34.5512,34.5512,34.5512,34.5512,NOMINAL
57.0000,3.0850,185.0000,570.7184,0.1979,0.2268,87.3166,87.2829,3.0850,34.8125,34.8125,34.8125,34.8125,NOMINAL
57.5000,3.0831,185.0000,570.3797,0.1978,0.2268,87.2803,87.2472,3.0831,35.0728,35.0728,35.0728,35.0728,NOMINAL
58.0000,3.0814,185.0000,570.0603,0.1978,0.2268,87.2440,87.2116,3.0814,35.3320,35.3320,35.3320,35.3320,NOMINAL
58.5000,3.0798,185.0000,569.7591,0.1977,0.2268,87.2077,87.1759,3.0798,35.5901,35.5901,35.5901,35.5901,NOMINAL
59.0000,3.0782,185.0000,569.4750,0.1976,0.2268,87.1714,87.1402,3.0782,35.8473,35.8473,35.8473,35.8473,NOMINAL
59.5000,3.0768,185.0000,569.2070,0.1975,0.2268,87.1352,87.1045,3.0768,36.1034,36.1034,36.1034,36.1034,NOMINAL
60.0000,3.0754,185.0000,568.9540,0.1974,0.2268,87.0989,87.0688,3.0754,36.3585,36.3585,36.3585,36.3585,NOMINAL
60.5000,3.0741,185.0000,568.7152,0.1974,0.2268,87.0627,87.0331,3.0741,36.6125,36.6125,36.6125,36.6125,NOMINAL
61.0000,3.0729,185.0000,568.4897,0.1973,0.2268,87.0264,86.9974,3.0729,36.8656,36.8656,36.8656,36.8656,NOMINAL
61.5000,3.0718,185.0000,568.2766,0.1972,0.2268,86.9902,86.9618,3.0718,37.1176,37.1176,37.1176,37.1176,NOMINAL
62.0000,3.0707,185.0000,568.0753,0.1971,0.2268,86.9540,86.9261,3.0707,37.3686,37.3686,37.3686,37.3686,NOMINAL
62.5000,3.0696,185.0000,567.8851,0.1970,0.2268,86.9178,86.8904,3.0696,37.6187,37.6187,37.6187,37.6187,NOMINAL
63.0000,3.0687,185.0000,567.7051,0.1969,0.2268,86.8816,86.8547,3.0687,37.8677,37.8677,37.8677,37.8677,NOMINAL
63.5000,3.0678,185.0000,567.5349,0.1969,0.2268,86.8454,86.8190,3.0678,38.1157,38.1157,38.1157,38.1157,NOMINAL
64.0000,3.0669,185.0000,567.3737,0.1968,0.2268,86.8092,86.7833,3.0669,38.3628,38.3628,38.3628,38.3628,NOMINAL
64.5000,3.0661,185.0000,567.2211,0.1967,0.2268,86.7731,86.7476,3.0661,38.6088,38.6088,38.6088,38.6088,NOMINAL
65.0000,3.0653,185.0000,567.0765,0.1966,0.2268,86.7369,86.7119,3.0653,38.8539,38.8539,38.8539,38.8539,NOMINAL
65.5000,3.0645,185.0000,566.9394,0.1965,0.2268,86.7007,86.6763,3.0645,39.0980,39.0980,39.0980,39.0980,NOMINAL
66.0000,3.0638,185.0000,566.8093,0.1965,0.2268,86.6646,86.6406,3.0638,39.3411,39.3411,39.3411,39.3411,NOMINAL
66.5000,3.0632,185.0000,566.6858,0.1964,0.2268,86.6285,86.6049,3.0632,39.5832,39.5832,39.5832,39.5832,NOMINAL
67.0000,3.0625,185.0000,566.5685,0.1963,0.2268,86.5923,86.5692,3.0625,39.8244,39.8244,39.8244,39.8244,NOMINAL
67.5000,3.0619,185.0000,566.4570,0.1962,0.2268,86.5562,86.5335,3.0619,40.0646,40.0646,40.0646,40.0646,NOMINAL
68.0000,3.0614,185.0000,566.3509,0.1961,0.2268,86.5201,86.4978,3.0614,40.3039,40.3039,40.3039,40.3039,NOMINAL
68.5000,3.0608,185.0000,566.2498,0.1961,0.2268,86.4840,86.4621,3.0608,40.5422,40.5422,40.5422,40.5422,NOMINAL
69.0000,3.0603,185.0000,566.1535,0.1960,0.2268,86.4479,86.4264,3.0603,40.7795,40.7795,40.7795,40.7795,NOMINAL
69.5000,3.0598,185.0000,566.0617,0.1959,0.2268,86.4118,86.3908,3.0598,41.0159,41.0159,41.0159,41.0159,NOMINAL
70.0000,3.0593,185.0000,565.9740,0.1958,0.2268,86.3757,86.3551,3.0593,41.2514,41.2514,41.2514,41.2514,NOMINAL
70.5000,3.0589,185.0000,565.8902,0.1957,0.2268,86.3396,86.3194,3.0589,41.4859,41.4859,41.4859,41.4859,NOMINAL
71.0000,3.0584,185.0000,565.8100,0.1957,0.2268,86.3035,86.2837,3.0584,41.7194,41.7194,41.7194,41.7194,NOMINAL
71.5000,3.0580,185.0000,565.7332,0.1956,0.2268,86.2674,86.2480,3.0580,41.9521,41.9521,41.9521,41.9521,NOMINAL
72.0000,3.0576,185.0000,565.6596,0.1955,0.2268,86.2314,86.2123,3.0576,42.1838,42.1838,42.1838,42.1838,NOMINAL
72.5000,3.0572,185.0000,565.5890,0.1954,0.2268,86.1953,86.1766,3.0572,42.4146,42.4146,42.4146,42.4146,NOMINAL
73.0000,3.0569,185.0000,565.5211,0.1953,0.2268,86.1592,86.1410,3.0569,42.6444,42.6444,42.6444,42.6444,NOMINAL
73.5000,3.0565,185.0000,565.4558,0.1953,0.2268,86.1232,86.1053,3.0565,42.8733,42.8733,42.8733,42.8733,NOMINAL
74.0000,3.0499,197.0000,596.6615,0.1952,0.2268,86.0844,86.0673,3.0499,43.1379,43.1379,43.1379,43.1379,NOMINAL
74.5000,3.0781,141.0000,436.6953,0.1951,0.2268,86.0572,86.0401,3.0781,43.2507,43.2507,43.2507,43.2507,NOMINAL
75.0000,3.1316,43.0000,138.9348,0.1951,0.2268,86.0490,86.0318,3.1316,43.2198,43.2198,43.2198,43.2198,NOMINAL
75.5000,3.1608,3.0000,12.1628,0.1951,0.2268,86.0485,86.0312,3.1608,43.1743,43.1743,43.1743,43.1743,NOMINAL
76.0000,3.1759,-6.0000,-14.9356,0.1951,0.2268,86.0497,86.0324,3.1759,43.1292,43.1292,43.1292,43.1292,NOMINAL
76.5000,3.1913,-16.0000,-54.2485,0.1951,0.2268,86.0523,86.0354,3.1913,43.0859,43.0859,43.0859,43.0859,NOMINAL
77.0000,3.1911,4.0000,12.7628,0.1951,0.2268,86.0513,86.0347,3.1911,43.0408,43.0408,43.0408,43.0408,NOMINAL
77.5000,3.1994,4.0000,12.7975,0.1951,0.2268,86.0503,86.0339,3.1994,42.9958,42.9958,42.9958,42.9958,NOMINAL
78.0000,3.2071,4.0000,12.8285,0.1951,0.2268,86.0493,86.0331,3.2071,42.9510,42.9510,42.9510,42.9510,NOMINAL
78.5000,3.2144,4.0000,12.8575,0.1951,0.2268,86.0483,86.0324,3.2144,42.9062,42.9062,42.9062,42.9062,NOMINAL
79.0000,3.2211,4.0000,12.8846,0.1951,0.2268,86.0473,86.0316,3.2211,42.8616,42.8616,42.8616,42.8616,NOMINAL
79.5000,3.2275,4.0000,12.9099,0.1951,0.2268,86.0463,86.0308,3.2275,42.8171,42.8171,42.8171,42.8171,NOMINAL
80.0000,3.2334,4.0000,12.9337,0.1951,0.2268,86.0453,86.0300,3.2334,42.7726,42.7726,42.7726,42.7726,NOMINAL
80.5000,3.2390,4.0000,12.9558,0.1951,0.2268,86.0444,86.0293,3.2390,42.7283,42.7283,42.7283,42.7283,NOMINAL
81.0000,3.2441,4.0000,12.9766,0.1951,0.2268,86.0434,86.0285,3.2441,42.6841,42.6841,42.6841,42.6841,NOMINAL
81.5000,3.2490,4.0000,12.9959,0.1951,0.2268,86.0424,86.0277,3.2490,42.6401,42.6401,42.6401,42.6401,NOMINAL
82.0000,3.2535,4.0000,13.0141,0.1951,0.2268,86.0414,86.0270,3.2535,42.5961,42.5961,42.5961,42.5961,NOMINAL
82.5000,3.2578,4.0000,13.0310,0.1951,0.2268,86.0405,86.0262,3.2578,42.5522,42.5522,42.5522,42.5522,NOMINAL
83.0000,3.2617,4.0000,13.0469,0.1951,0.2268,86.0395,86.0254,3.2617,42.5085,42.5085,42.5085,42.5085,NOMINAL
83.5000,3.2654,4.0000,13.0618,0.1951,0.2268,86.0385,86.0246,3.2654,42.4648,42.4648,42.4648,42.4648,NOMINAL
84.0000,3.2689,4.0000,13.0756,0.1951,0.2268,86.0376,86.0239,3.2689,42.4213,42.4213,42.4213,42.4213,NOMINAL
84.5000,3.2722,4.0000,13.0886,0.1951,0.2268,86.0366,86.0231,3.2722,42.3779,42.3779,42.3779,42.3779,NOMINAL
85.0000,3.2752,4.0000,13.1008,0.1951,0.2268,86.0357,86.0223,3.2752,42.3346,42.3346,42.3346,42.3346,NOMINAL
85.5000,3.2780,4.0000,13.1121,0.1951,0.2268,86.0347,86.0216,3.2780,42.2913,42.2913,42.2913,42.2913,NOMINAL
86.0000,3.2807,4.0000,13.1227,0.1951,0.2268,86.0338,86.0208,3.2807,42.2482,42.2482,42.2482,42.2482,NOMINAL
86.5000,3.2832,4.0000,13.1327,0.1951,0.2268,86.0328,86.0200,3.2832,42.2053,42.2053,42.2053,42.2053,NOMINAL
87.0000,3.2855,4.0000,13.1420,0.1951,0.2268,86.0319,86.0192,3.2855,42.1624,42.1624,42.1624,42.1624,NOMINAL
87.5000,3.2877,4.0000,13.1507,0.1951,0.2268,86.0309,86.0185,3.2877,42.1196,42.1196,42.1196,42.1196,NOMINAL
88.0000,3.2897,4.0000,13.1588,0.1951,0.2268,86.0300,86.0177,3.2897,42.0769,42.0769,42.0769,42.0769,NOMINAL
88.5000,3.2916,4.0000,13.1664,0.1950,0.2268,86.0290,86.0169,3.2916,42.0344,42.0344,42.0344,42.0344,NOMINAL
89.0000,3.2934,4.0000,13.1735,0.1950,0.2268,86.0281,86.0161,3.2934,41.9919,41.9919,41.9919,41.9919,NOMINAL
89.5000,3.2950,4.0000,13.1802,0.1950,0.2268,86.0272,86.0154,3.2950,41.9495,41.9495,41.9495,41.9495,NOMINAL
90.0000,3.2966,4.0000,13.1864,0.1950,0.2268,86.0262,86.0146,3.2966,41.9073,41.9073,41.9073,41.9073,NOMINAL
90.5000,3.2981,4.0000,13.1922,0.1950,0.2268,86.0253,86.0138,3.2981,41.8652,41.8652,41.8652,41.8652,NOMINAL
91.0000,3.2994,4.0000,13.1977,0.1950,0.2268,86.0244,86.0131,3.2994,41.8231,41.8231,41.8231,41.8231,NOMINAL
91.5000,3.3007,4.0000,13.2028,0.1950,0.2268,86.0235,86.0123,3.3007,41.7812,41.7812,41.7812,41.7812,NOMINAL
92.0000,3.3019,4.0000,13.2076,0.1950,0.2268,86.0225,86.0115,3.3019,41.7394,41.7394,41.7394,41.7394,NOMINAL
92.5000,3.3030,4.0000,13.2120,0.1950,0.2268,86.0216,86.0107,3.3030,41.6976,41.6976,41.6976,41.6976,NOMINAL
93.0000,3.3040,4.0000,13.2162,0.1950,0.2268,86.0207,86.0100,3.3040,41.6560,41.6560,41.6560,41.6560,NOMINAL
93.5000,3.3050,4.0000,13.2201,0.1950,0.2268,86.0198,86.0092,3.3050,41.6145,41.6145,41.6145,41.6145,NOMINAL
94.0000,3.3059,4.0000,13.2237,0.1950,0.2268,86.0189,86.0084,3.3059,41.5731,41.5731,41.5731,41.5731,NOMINAL
94.5000,3.3068,4.0000,13.2271,0.1950,0.2268,86.0179,86.0077,3.3068,41.5318,41.5318,41.5318,41.5318,NOMINAL
95.0000,3.3076,4.0000,13.2303,0.1950,0.2268,86.0170,86.0069,3.3076,41.4906,41.4906,41.4906,41.4906,NOMINAL
95.5000,3.3083,4.0000,13.2333,0.1950,0.2268,86.0161,86.0061,3.3083,41.4495,41.4495,41.4495,41.4495,NOMINAL
96.0000,3.3090,4.0000,13.2361,0.1950,0.2268,86.0152,86.0053,3.3090,41.4085,41.4085,41.4085,41.4085,NOMINAL
96.5000,3.3097,4.0000,13.2387,0.1950,0.2268,86.0143,86.0046,3.3097,41.3676,41.3676,41.3676,41.3676,NOMINAL
97.0000,3.3103,4.0000,13.2412,0.1950,0.2268,86.0134,86.0038,3.3103,41.3268,41.3268,41.3268,41.3268,NOMINAL
97.5000,3.3109,4.0000,13.2434,0.1950,0.2268,86.0125,86.0030,3.3109,41.2861,41.2861,41.2861,41.2861,NOMINAL
98.0000,3.3114,4.0000,13.2456,0.1950,0.2268,86.0116,86.0023,3.3114,41.2456,41.2456,41.2456,41.2456,NOMINAL
98.5000,3.3119,4.0000,13.2476,0.1950,0.2268,86.0107,86.0015,3.3119,41.2051,41.2051,41.2051,41.2051,NOMINAL
99.0000,3.3124,4.0000,13.2494,0.1950,0.2268,86.0098,86.0007,3.3124,41.1647,41.1647,41.1647,41.1647,NOMINAL
99.5000,3.3128,4.0000,13.2512,0.1950,0.2268,86.0089,85.9999,3.3128,41.1244,41.1244,41.1244,41.1244,NOMINAL
100.0000,3.3132,4.0000,13.2528,0.1950,0.2268,86.0080,85.9992,3.3132,41.0842,41.0842,41.0842,41.0842,NOMINAL
100.5000,3.3136,4.0000,13.2543,0.1950,0.2268,86.0071,85.9984,3.3136,41.0441,41.0441,41.0441,41.0441,NOMINAL
101.0000,3.3139,4.0000,13.2558,0.1950,0.2268,86.0063,85.9976,3.3139,41.0042,41.0042,41.0042,41.0042,NOMINAL
101.5000,3.3143,4.0000,13.2571,0.1950,0.2268,86.0054,85.9969,3.3143,40.9643,40.9643,40.9643,40.9643,NOMINAL
102.0000,3.3146,4.0000,13.2583,0.1950,0.2268,86.0045,85.9961,3.3146,40.9245,40.9245,40.9245,40.9245,NOMINAL
102.5000,3.3149,4.0000,13.2595,0.1950,0.2268,86.0036,85.9953,3.3149,40.8848,40.8848,40.8848,40.8848,NOMINAL
103.0000,3.3151,4.0000,13.2606,0.1950,0.2268,86.0027,85.9945,3.3151,40.8452,40.8452,40.8452,40.8452,NOMINAL
103.5000,3.3154,4.0000,13.2616,0.1950,0.2268,86.0018,85.9938,3.3154,40.8057,40.8057,40.8057,40.8057,NOMINAL
104.0000,3.3156,4.0000,13.2625,0.1950,0.2268,86.0009,85.9930,3.3156,40.7664,40.7664,40.7664,40.7664,NOMINAL
104.5000,3.3159,4.0000,13.2634,0.1950,0.2268,86.0001,85.9922,3.3159,40.7271,40.7271,40.7271,40.7271,NOMINAL
105.0000,3.3161,4.0000,13.2642,0.1950,0.2268,85.9992,85.9915,3.3161,40.6879,40.6879,40.6879,40.6879,NOMINAL
105.5000,3.3163,4.0000,13.2650,0.1950,0.2268,85.9983,85.9907,3.3163,40.6488,40.6488,40.6488,40.6488,NOMINAL
106.0000,3.3164,4.0000,13.2657,0.1950,0.2268,85.9974,85.9899,3.3164,40.6098,40.6098,40.6098,40.6098,NOMINAL
106.5000,3.3166,4.0000,13.2664,0.1950,0.2268,85.9966,85.9891,3.3166,40.5709,40.5709,40.5709,40.5709,NOMINAL
107.0000,3.3168,4.0000,13.2670,0.1950,0.2268,85.9957,85.9884,3.3168,40.5321,40.5321,40.5321,40.5321,NOMINAL
107.5000,3.3169,4.0000,13.2676,0.1950,0.2268,85.9948,85.9876,3.3169,40.4934,40.4934,40.4934,40.4934,NOMINAL
108.0000,3.3170,4.0000,13.2681,0.1950,0.2268,85.9940,85.9868,3.3170,40.4548,40.4548,40.4548,40.4548,NOMINAL
108.5000,3.3172,4.0000,13.2686,0.1950,0.2268,85.9931,85.9861,3.3172,40.4163,40.4163,40.4163,40.4163,NOMINAL
109.0000,3.3173,4.0000,13.2691,0.1950,0.2268,85.9922,85.9853,3.3173,40.3779,40.3779,40.3779,40.3779,NOMINAL
109.5000,3.3174,4.0000,13.2695,0.1950,0.2268,85.9914,85.9845,3.3174,40.3396,40.3396,40.3396,40.3396,NOMINAL
110.0000,3.3175,4.0000,13.2699,0.1950,0.2268,85.9905,85.9837,3.3175,40.3013,40.3013,40.3013,40.3013,NOMINAL
110.5000,3.3176,4.0000,13.2703,0.1950,0.2268,85.9896,85.9830,3.3176,40.2632,40.2632,40.2632,40.2632,NOMINAL
111.0000,3.3177,4.0000,13.2707,0.1950,0.2268,85.9888,85.9822,3.3177,40.2252,40.2252,40.2252,40.2252,NOMINAL
111.5000,3.3177,4.0000,13.2710,0.1950,0.2268,85.9879,85.9814,3.3177,40.1873,40.1873,40.1873,40.1873,NOMINAL
112.0000,3.3178,4.0000,13.2713,0.1950,0.2268,85.9871,85.9807,3.3178,40.1494,40.1494,40.1494,40.1494,NOMINAL
112.5000,3.3179,4.0000,13.2716,0.1950,0.2268,85.9862,85.9799,3.3179,40.1117,40.1117,40.1117,40.1117,NOMINAL
113.0000,3.3180,4.0000,13.2718,0.1950,0.2268,85.9853,85.9791,3.3180,40.0740,40.0740,40.0740,40.0740,NOMINAL
113.5000,3.3180,4.0000,13.2721,0.1950,0.2268,85.9845,85.9783,3.3180,40.0365,40.0365,40.0365,40.0365,NOMINAL
114.0000,3.3181,4.0000,13.2723,0.1950,0.2268,85.9836,85.9776,3.3181,39.9990,39.9990,39.9990,39.9990,NOMINAL
114.5000,3.3181,4.0000,13.2725,0.1950,0.2268,85.9828,85.9768,3.3181,39.9616,39.9616,39.9616,39.9616,NOMINAL
115.0000,3.3182,4.0000,13.2727,0.1950,0.2268,85.9819,85.9760,3.3182,39.9244,39.9244,39.9244,39.9244,NOMINAL
115.5000,3.3182,4.0000,13.2729,0.1950,0.2268,85.9811,85.9753,3.3182,39.8872,39.8872,39.8872,39.8872,NOMINAL
116.0000,3.3183,4.0000,13.2730,0.1950,0.2268,85.9802,85.9745,3.3183,39.8501,39.8501,39.8501,39.8501,NOMINAL
116.5000,3.3183,4.0000,13.2732,0.1950,0.2268,85.9794,85.9737,3.3183,39.8131,39.8131,39.8131,39.8131,NOMINAL
117.0000,3.3183,4.0000,13.2733,0.1950,0.2268,85.9785,85.9729,3.3183,39.7762,39.7762,39.7762,39.7762,NOMINAL
117.5000,3.3184,4.0000,13.2734,0.1949,0.2268,85.9777,85.9722,3.3184,39.7394,39.7394,39.7394,39.7394,NOMINAL
118.0000,3.3184,4.0000,13.2736,0.1949,0.2268,85.9768,85.9714,3.3184,39.7027,39.7027,39.7027,39.7027,NOMINAL
118.5000,3.3184,4.0000,13.2737,0.1949,0.2268,85.9760,85.9706,3.3184,39.6660,39.6660,39.6660,39.6660,NOMINAL
119.0000,3.3184,4.0000,13.2738,0.1949,0.2268,85.9751,85.9699,3.3184,39.6295,39.6295,39.6295,39.6295,NOMINAL
119.5000,3.3185,4.0000,13.2738,0.1949,0.2268,85.9743,85.9691,3.3185,39.5931,39.5931,39.5931,39.5931,NOMINAL
120.0000,3.3185,4.0000,13.2739,0.1949,0.2268,85.9735,85.9683,3.3185,39.5567,39.5567,39.5567,39.5567,NOMINAL
120.5000,3.3185,4.0000,13.2740,0.1949,0.2268,85.9726,85.9675,3.3185,39.5204,39.5204,39.5204,39.5204,NOMINAL
121.0000,3.3185,4.0000,13.2740,0.1949,0.2268,85.9718,85.9668,3.3185,39.4843,39.4843,39.4843,39.4843,NOMINAL
121.5000,3.3185,4.0000,13.2741,0.1949,0.2268,85.9709,85.9660,3.3185,39.4482,39.4482,39.4482,39.4482,NOMINAL
122.0000,3.3185,4.0000,13.2742,0.1949,0.2268,85.9701,85.9652,3.3185,39.4122,39.4122,39.4122,39.4122,NOMINAL
122.5000,3.3185,4.0000,13.2742,0.1949,0.2268,85.9693,85.9645,3.3185,39.3763,39.3763,39.3763,39.3763,NOMINAL
123.0000,3.3186,4.0000,13.2742,0.1949,0.2268,85.9684,85.9637,3.3186,39.3405,39.3405,39.3405,39.3405,NOMINAL
123.5000,3.3186,4.0000,13.2743,0.1949,0.2268,85.9676,85.9629,3.3186,39.3048,39.3048,39.3048,39.3048,NOMINAL
124.0000,3.3186,4.0000,13.2743,0.1949,0.2268,85.9668,85.9621,3.3186,39.2691,39.2691,39.2691,39.2691,NOMINAL
124.5000,3.3186,4.0000,13.2743,0.1949,0.2268,85.9659,85.9614,3.3186,39.2336,39.2336,39.2336,39.2336,NOMINAL
125.0000,3.3186,4.0000,13.2743,0.1949,0.2268,85.9651,85.9606,3.3186,39.1981,39.1981,39.1981,39.1981,NOMINAL
125.5000,3.3186,4.0000,13.2743,0.1949,0.2268,85.9643,85.9598,3.3186,39.1628,39.1628,39.1628,39.1628,NOMINAL
126.0000,3.3186,4.0000,13.2744,0.1949,0.2268,85.9634,85.9591,3.3186,39.1275,39.1275,39.1275,39.1275,NOMINAL
126.5000,3.3186,4.0000,13.2744,0.1949,0.2268,85.9626,85.9583,3.3186,39.0923,39.0923,39.0923,39.0923,NOMINAL
127.0000,3.3186,4.0000,13.2744,0.1949,0.2268,85.9618,85.9575,3.3186,39.0572,39.0572,39.0572,39.0572,NOMINAL
127.5000,3.3186,4.0000,13.2744,0.1949,0.2268,85.9609,85.9567,3.3186,39.0222,39.0222,39.0222,39.0222,NOMINAL
128.0000,3.3186,4.0000,13.2744,0.1949,0.2268,85.9601,85.9560,3.3186,38.9873,38.9873,38.9873,38.9873,NOMINAL
128.5000,3.3186,4.0000,13.2744,0.1949,0.2268,85.9593,85.9552,3.3186,38.9524,38.9524,38.9524,38.9524,NOMINAL
129.0000,3.3186,4.0000,13.2744,0.1949,0.2268,85.9585,85.9544,3.3186,38.9177,38.9177,38.9177,38.9177,NOMINAL
129.5000,3.3186,4.0000,13.2743,0.1949,0.2268,85.9576,85.9536,3.3186,38.8830,38.8830,38.8830,38.8830,NOMINAL
130.0000,3.3186,4.0000,13.2743,0.1949,0.2268,85.9568,85.9529,3.3186,38.8484,38.8484,38.8484,38.8484,NOMINAL
130.5000,3.3186,4.0000,13.2743,0.1949,0.2268,85.9560,85.9521,3.3186,38.8140,38.8140,38.8140,38.8140,NOMINAL
131.0000,3.3186,4.0000,13.2743,0.1949,0.2268,85.9552,85.9513,3.3186,38.7795,38.7795,38.7795,38.7795,NOMINAL
131.5000,3.3186,4.0000,13.2743,0.1949,0.2268,85.9543,85.9506,3.3186,38.7452,38.7452,38.7452,38.7452,NOMINAL
132.0000,3.3186,4.0000,13.2743,0.1949,0.2268,85.9535,85.9498,3.3186,38.7110,38.7110,38.7110,38.7110,NOMINAL
132.5000,3.3186,4.0000,13.2742,0.1949,0.2268,85.9527,85.9490,3.3186,38.6768,38.6768,38.6768,38.6768,NOMINAL
133.0000,3.3186,4.0000,13.2742,0.1949,0.2268,85.9519,85.9482,3.3186,38.6428,38.6428,38.6428,38.6428,NOMINAL
133.5000,3.3185,4.0000,13.2742,0.1949,0.2268,85.9511,85.9475,3.3185,38.6088,38.6088,38.6088,38.6088,NOMINAL
134.0000,3.3185,4.0000,13.2742,0.1949,0.2268,85.9502,85.9467,3.3185,38.5749,38.5749,38.5749,38.5749,NOMINAL
134.5000,3.3185,4.0000,13.2741,0.1949,0.2268,85.9494,85.9459,3.3185,38.5411,38.5411,38.5411,38.5411,NOMINAL
135.0000,3.3185,4.0000,13.2741,0.1949,0.2268,85.9486,85.9452,3.3185,38.5074,38.5074,38.5074,38.5074,NOMINAL
135.5000,3.3185,4.0000,13.2741,0.1949,0.2268,85.9478,85.9444,3.3185,38.4738,38.4738,38.4738,38.4738,NOMINAL
136.0000,3.3185,4.0000,13.2741,0.1949,0.2268,85.9470,85.9436,3.3185,38.4402,38.4402,38.4402,38.4402,NOMINAL
136.5000,3.3185,4.0000,13.2740,0.1949,0.2268,85.9462,85.9428,3.3185,38.4067,38.4067,38.4067,38.4067,NOMINAL
137.0000,3.3185,4.0000,13.2740,0.1949,0.2268,85.9453,85.9421,3.3185,38.3733,38.3733,38.3733,38.3733,NOMINAL
137.5000,3.3185,4.0000,13.2740,0.1949,0.2268,85.9445,85.9413,3.3185,38.3400,38.3400,38.3400,38.3400,NOMINAL
138.0000,3.3185,4.0000,13.2739,0.1949,0.2268,85.9437,85.9405,3.3185,38.3068,38.3068,38.3068,38.3068,NOMINAL
138.5000,3.3185,4.0000,13.2739,0.1949,0.2268,85.9429,85.9398,3.3185,38.2737,38.2737,38.2737,38.2737,NOMINAL
139.0000,3.3185,4.0000,13.2739,0.1949,0.2268,85.9421,85.9390,3.3185,38.2406,38.2406,38.2406,38.2406,NOMINAL
139.5000,3.3185,4.0000,13.2738,0.1949,0.2268,85.9413,85.9382,3.3185,38.2077,38.2077,38.2077,38.2077,NOMINAL
140.0000,3.3184,4.0000,13.2738,0.1949,0.2268,85.9405,85.9374,3.3184,38.1748,38.1748,38.1748,38.1748,NOMINAL
140.5000,3.3184,4.0000,13.2737,0.1949,0.2268,85.9396,85.9367,3.3184,38.1420,38.1420,38.1420,38.1420,NOMINAL
141.0000,3.3184,4.0000,13.2737,0.1949,0.2268,85.9388,85.9359,3.3184,38.1092,38.1092,38.1092,38.1092,NOMINAL
141.5000,3.3184,4.0000,13.2737,0.1949,0.2268,85.9380,85.9351,3.3184,38.0766,38.0766,38.0766,38.0766,NOMINAL
142.0000,3.3184,4.0000,13.2736,0.1949,0.2268,85.9372,85.9344,3.3184,38.0440,38.0440,38.0440,38.0440,NOMINAL
142.5000,3.3184,4.0000,13.2736,0.1949,0.2268,85.9364,85.9336,3.3184,38.0116,38.0116,38.0116,38.0116,NOMINAL
143.0000,3.3184,4.0000,13.2736,0.1949,0.2268,85.9356,85.9328,3.3184,37.9792,37.9792,37.9792,37.9792,NOMINAL
143.5000,3.3184,4.0000,13.2735,0.1949,0.2268,85.9348,85.9320,3.3184,37.9468,37.9468,37.9468,37.9468,NOMINAL
144.0000,3.3184,4.0000,13.2735,0.1949,0.2268,85.9340,85.9313,3.3184,37.9146,37.9146,37.9146,37.9146,NOMINAL
144.5000,3.3184,4.0000,13.2734,0.1949,0.2268,85.9332,85.9305,3.3184,37.8825,37.8825,37.8825,37.8825,NOMINAL
145.0000,3.3183,4.0000,13.2734,0.1949,0.2268,85.9324,85.9297,3.3183,37.8504,37.8504,37.8504,37.8504,NOMINAL
145.5000,3.3183,4.0000,13.2733,0.1949,0.2268,85.9316,85.9290,3.3183,37.8184,37.8184,37.8184,37.8184,NOMINAL
146.0000,3.3183,4.0000,13.2733,0.1948,0.2268,85.9307,85.9282,3.3183,37.7865,37.7865,37.7865,37.7865,NOMINAL
146.5000,3.3183,4.0000,13.2733,0.1948,0.2268,85.9299,85.9274,3.3183,37.7546,37.7546,37.7546,37.7546,NOMINAL
147.0000,3.3183,4.0000,13.2732,0.1948,0.2268,85.9291,85.9266,3.3183,37.7229,37.7229,37.7229,37.7229,NOMINAL
147.5000,3.3183,4.0000,13.2732,0.1948,0.2268,85.9283,85.9259,3.3183,37.6912,37.6912,37.6912,37.6912,NOMINAL
148.0000,3.3183,4.0000,13.2731,0.1948,0.2268,85.9275,85.9251,3.3183,37.6596,37.6596,37.6596,37.6596,NOMINAL
148.5000,3.3183,4.0000,13.2731,0.1948,0.2268,85.9267,85.9243,3.3183,37.6281,37.6281,37.6281,37.6281,NOMINAL
149.0000,3.3183,4.0000,13.2731,0.1948,0.2268,85.9259,85.9236,3.3183,37.5966,37.5966,37.5966,37.5966,NOMINAL
149.5000,3.3183,4.0000,13.2730,0.1948,0.2268,85.9251,85.9228,3.3183,37.5653,37.5653,37.5653,37.5653,NOMINAL
150.0000,3.3182,4.0000,13.2730,0.1948,0.2268,85.9243,85.9220,3.3182,37.5340,37.5340,37.5340,37.5340,NOMINAL
150.5000,3.3182,4.0000,13.2729,0.1948,0.2268,85.9235,85.9212,3.3182,37.5028,37.5028,37.5028,37.5028,NOMINAL
151.0000,3.3182,4.0000,13.2729,0.1948,0.2268,85.9227,85.9205,3.3182,37.4717,37.4717,37.4717,37.4717,NOMINAL
151.5000,3.3182,4.0000,13.2728,0.1948,0.2268,85.9219,85.9197,3.3182,37.4406,37.4406,37.4406,37.4406,NOMINAL
152.0000,3.3182,4.0000,13.2728,0.1948,0.2268,85.9211,85.9189,3.3182,37.4097,37.4097,37.4097,37.4097,NOMINAL
152.5000,3.3182,4.0000,13.2727,0.1948,0.2268,85.9203,85.9182,3.3182,37.3788,37.3788,37.3788,37.3788,NOMINAL
153.0000,3.3182,4.0000,13.2727,0.1948,0.2268,85.9195,85.9174,3.3182,37.3479,37.3479,37.3479,37.3479,NOMINAL
153.5000,3.3182,4.0000,13.2727,0.1948,0.2268,85.9187,85.9166,3.3182,37.3172,37.3172,37.3172,37.3172,NOMINAL
154.0000,3.3182,4.0000,13.2726,0.1948,0.2268,85.9179,85.9158,3.3182,37.2865,37.2865,37.2865,37.2865,NOMINAL
154.5000,3.3181,4.0000,13.2726,0.1948,0.2268,85.9171,85.9151,3.3181,37.2560,37.2560,37.2560,37.2560,NOMINAL
155.0000,3.3181,4.0000,13.2725,0.1948,0.2268,85.9163,85.9143,3.3181,37.2255,37.2255,37.2255,37.2255,NOMINAL
155.5000,3.3181,4.0000,13.2725,0.1948,0.2268,85.9155,85.9135,3.3181,37.1950,37.1950,37.1950,37.1950,NOMINAL
156.0000,3.3181,4.0000,13.2724,0.1948,0.2268,85.9147,85.9128,3.3181,37.1647,37.1647,37.1647,37.1647,NOMINAL
156.5000,3.3181,4.0000,13.2724,0.1948,0.2268,85.9139,85.9120,3.3181,37.1344,37.1344,37.1344,37.1344,NOMINAL
157.0000,3.3181,4.0000,13.2723,0.1948,0.2268,85.9131,85.9112,3.3181,37.1042,37.1042,37.1042,37.1042,NOMINAL
157.5000,3.3181,4.0000,13.2723,0.1948,0.2268,85.9123,85.9104,3.3181,37.0741,37.0741,37.0741,37.0741,NOMINAL
158.0000,3.3181,4.0000,13.2723,0.1948,0.2268,85.9115,85.9097,3.3181,37.0440,37.0440,37.0440,37.0440,NOMINAL
158.5000,3.3181,4.0000,13.2722,0.1948,0.2268,85.9107,85.9089,3.3181,37.0140,37.0140,37.0140,37.0140,NOMINAL
159.0000,3.3180,4.0000,13.2722,0.1948,0.2268,85.9099,85.9081,3.3180,36.9841,36.9841,36.9841,36.9841,NOMINAL
159.5000,3.3180,4.0000,13.2721,0.1948,0.2268,85.9091,85.9074,3.3180,36.9543,36.9543,36.9543,36.9543,NOMINAL
160.0000,3.3180,4.0000,13.2721,0.1948,0.2268,85.9083,85.9066,3.3180,36.9245,36.9245,36.9245,36.9245,NOMINAL
160.5000,3.3180,4.0000,13.2720,0.1948,0.2268,85.9075,85.9058,3.3180,36.8949,36.8949,36.8949,36.8949,NOMINAL